﻿<?xml version="1.0" encoding="utf-8"?>
<Configuration>
  <Options>
    <BrowserInitUrl>
    </BrowserInitUrl>
    <BrowserClass>1</BrowserClass>
    <BrowserPopupOption>0</BrowserPopupOption>
    <BrowserStyle>3</BrowserStyle>
    <TopMostMode>1</TopMostMode>
    <ProgramMode>1</ProgramMode>
  </Options>
  <HostInfos>
    <CurrentCheckedHostFileIndex>1</CurrentCheckedHostFileIndex>
    <Item>
      <FilePath>C:\HostChanger1.2\Default.config</FilePath>
      <BrowserInitUrl />
    </Item>
    <Item>
      <FilePath>C:\HostChanger1.2\어드몹-개발기.config</FilePath>
      <BrowserInitUrl />
    </Item>
  </HostInfos>
  <PageInfos>
    <SavedPageIndex>
    </SavedPageIndex>
    <PageIndex>0</PageIndex>
    <PageSize>10</PageSize>
  </PageInfos>
</Configuration>